title, follow, score, count, view_6, danmaku, reply, coin, share, like, view_5, danmaku, reply, coin, share, like, view_4, danmaku, reply, coin, share, like, view_3, danmaku, reply, coin, share, like, view_PV2, danmaku, reply, coin, share, like, view_2, danmaku, reply, coin, share, like, view_PV1, danmaku, reply, coin, share, like, view_1, danmaku, reply, coin, share, like, 
28228266, 227848, 9.8, 8080, 146094, 5832, 2987, 3322, 45, 1848, 126191, 2933, 699, 1182, 21, 1414, 138592, 7102, 530, 1060, 21, 1337, 173201, 6747, 1008, 1576, 28, 1543, 222874, 390, 2456, 1495, 82, 230, 208418, 7792, 1203, 1758, 29, 1290, 222874, 390, 2456, 1495, 82, 230, 634366, 19069, 5339, 6615, 202, 1617, 
title, follow, score, count, view_PV, danmaku, reply, coin, share, like, 
28228168, 27684, 0, 0, 96808, 4, 518, 157, 14, 191, 
title, follow, score, count, view_PV, danmaku, reply, coin, share, like, 
28228368, 12536, 0, 0, 30449, 49, 279, 80, 5, 210, 
title, follow, score, count, view_PV, danmaku, reply, coin, share, like, 
28228265, 32798, 0, 0, 120959, 287, 723, 389, 15, 244, 
title, follow, score, count, 
28228375, 960, 0, 0, 
title, follow, score, count, view_PV, danmaku, reply, coin, share, like, 
28228332, 43262, 0, 0, 117381, 240, 821, 547, 28, 221, 
title, follow, score, count, view_PV, danmaku, reply, coin, share, like, 
28228304, 1107841, 0, 0, 437168, 2385, 3558, 4737, 88, 126, 
